<?xml version="1.0" encoding="UTF-8" ?>
<!DOCTYPE mapper
  PUBLIC "-//mybatis.org//DTD Mapper 3.0//EN"
  "http://mybatis.org/dtd/mybatis-3-mapper.dtd">
<mapper namespace="com.airline.dao.ReservationMapper">

  	<!-- 아이디로 예약정보 검색 -->
  	<select id="selectReserListById" parameterType="String" resultType="reser">
  		select * from reservation where user_id = #{user_id} order by reser_no 
  	</select>
  	
  	<!-- 아이디로 예약정보 검색 -->
  	<select id="selectReserByReserNo" parameterType="int" resultType="reser">
  		select * from reservation where reser_no = #{reser_no}
  	</select>
  	
  	<!-- 출발지와 도착지로 비행일정 검색 -->
  	<select id="getFlightListByPlace" parameterType="flight" resultType="flight">
  		select * from flight where departure = #{departure} and arrival = #{arrival}
  	</select>
  	
  	<!-- 비행번호로 비행일정 검색 -->
  	<select id="selectFlightByFlightNo" parameterType="int" resultType="flight">
  		select * from flight where flight_no = #{flight_no}
  	</select>
  	
  	<!-- 비행예약 삽입 -->
  	<insert id="insertReservation" parameterType="reser">
  		 insert into reservation values (seq_reser.nextval, #{flight_no}, #{user_id}, default, #{reser_people}, #{price}) 
  	</insert>
  	
  	<!-- 비행예약 삭제 -->
  	<delete id="deleteReservation" parameterType="int">
  		delete from reservation where reser_no = #{reser_no}
  	</delete>
  	
  	<!-- 예약시 비행일정 seat컬럼을 예약인원수만큼 감소 -->
  	<update id="updateMinusSeat" parameterType="reser">
		update flight set seat = seat-#{reser_people} where flight_no = #{flight_no}
	</update>
	
	<!-- 예약 취소시 비행일정 seat컬럼을 예약인원수만큼 증가 -->
	<update id="updatePlusSeat" parameterType="reser">
		update flight set seat = seat+#{reser_people} where flight_no = #{flight_no}
	</update>
	
	<!-- 예약 수정하기  -->
	<update id="UpdateReservation" parameterType="reser">
	update reservation set reser_no = reser_no, flight_no = #{flight_no}, user_id= user_id, reser_date = reser_date
	, reser_people = #{reser_people}
	where reser_no = #{reser_no}
	</update>
	
</mapper>